Row,TPR,FPR,MCC,AUC,AUC20,Sparsity
"delta1=0.01, delta2=0.01",0.000309551647099836,7.99999999999999e-05,0.000234402313223319,6.04611904907169e-05,0.000199332218503007,0.000109999999999993
"delta1=0.01, delta2=1",0.00034770677301427,8.491826135238e-05,0.000322920698899554,0.000152169496140181,0.000371618083521242,9.59745336592505e-05
"delta1=1, delta2=0.01",0.000411825205639485,5.04424865014052e-05,0.000265413723165255,9.36304793679197e-05,0.000235796522451028,0.000120922380981441
"delta1=1, delta2=1",0.000490577890519611,0.000103279555898864,0.00041505019776729,0.000117803980313814,0.000279761803444767,0.000135030860670194
