Row,TPR,FPR,MCC,AUC,AUC20,Sparsity
"delta1=0.01, delta2=0.01",0.83854,0.00878,0.87315,0.98209,0.93752,0.79041
"delta1=0.01, delta2=1",0.83763,0.00881,0.87245,0.98204,0.93729,0.79059
"delta1=1, delta2=0.01",0.83846,0.00891,0.8728,0.98201,0.93726,0.79032
"delta1=1, delta2=1",0.838,0.0086,0.87316,0.98211,0.93754,0.79067
